Review_ID,Truly_Predicted_Class,Original_Text,Explanation,Label1,Label2,Label3,Label4,Label5,Label6,Label7
282,Positive,twice really tad crowded nonetheless worth food first came got pancakes try dishes amazing large give three home finish got bacon course eat breakfast preference bacon soft love area impossible end block passed first eyes come try priced meals good service make effort ,try dishes amazing large home ,1,0,0,0,0,1,0
2460,Negative,simultaneously reviewing catch literary anyway recently consider iditarod journey dubbed thai city throw qualifiers bound hour wait fine expected wait seeing luckily owners anticipate extended waiting room across set place two hand hand pains long wait partly later purgatory lounge first people able snag seat bar aside go annoyed people camping tables pok pok clearly busy selection menu also order point mention wings good bad deal considering potion size given owners going arrangement works got restaurant point people wait list people place mind set earlier bit wait begin review actual six first food bulk rating comes pok experienced along rice even trying names great favorite sauce particular flavor kept ate fan soup crispy soup collection meat bone dried places mentioned good great dishes disliked borderline blew enjoyment belly reduced addition sticky overpowering tough nothing combination dishes eating salt vinegar potato chips fine much renditions elsewhere mortar likewise service server ordered one dish one rice noodle worse us start small tapas meal needless dishes ended way food kudos finally biggest explanation salesmanship toward meal around restaurant strangely everyone opening bits hours service place dies case apparently server informed actually two wsl waiting drinks otherwise point empty hour time good poorly ruined mobs shame ,catch recently consider city throw ,0,0,1,0,1,0,0
259,Positive,adela dirty bird rotisserie portion rice black beans puerto rican mom make puerto rican mom owned rotisserie oven crispy amazingly seasoned alphabet city worth homey filling stomach soul new needs good tap water knows place newb ,bird portion rice puerto rican ,0,0,1,0,1,0,0
2149,Negative,believe star experience lower average star restaurant tiny ok size place original special reading categorization american great much ginger felt root sliced believe ate scallop boyfriend shared pizza also portobello mushroom cheese hot mustard ginger dominated dish pork buns best courage trying meal portions regular portion plus glasses way overpriced understand people time failed ,star lower average tiny ok ,1,1,1,1,1,1,1
409,Positive,pollo ropa come large enough will leftovers bring home plantains come consistently fantastic pretty good good enough order respectable giving higher rating meals say somewhere seven dollars higher flavor place small much prices bit expectations drinks also maybe two three tables want sit high tops good place better recommend ,pollo large bring home plantains ,0,0,1,0,1,0,0
3586,Negative,went friday somewhat strange start maitre telling us let us waiting hour sweating realized good popularity hour eat overcooked galore dry lamb shank tender bone chicken dry bland pappardelle seafood canned tomato sauce even pappardelle overcooked beso folks place good lunch go write hunt decent food hunt bad ,went friday strange telling us ,0,0,0,0,0,0,0
61,Positive,im hot late town friends mins late time gave totally head didnt best visibly even gave face managed us wow beyond appreciated much us even though didnt veryyyy croquettes sangria couldve show great iglesias venegas manu overall recommend especially sh ,town friends didnt best managed ,1,1,1,1,1,1,1
1583,Negative,tuesday dinner empty hyped service okay biscuits hard rock got avocado pancakes raw lemon dressing way raw worth never blueberry pancakes burnt cat panckaes box bisquick come back ,tuesday empty hyped service okay ,1,0,0,0,0,1,0
130,Positive,website impressed marketing thought attractive bright color patches polices country simpler limited got geno loved order english ordering ignorant cheesesteak better job keeping clean slices steak use slices example american cheesesteak liked nice bits pieces cheese dislikes onions softer service bright cheerful place eat invested ,color country limited loved keeping ,1,1,1,1,1,1,1
145,Negative,listened yelpers food feud went pats probably enjoyed cheesesteak reading geno geno won bread fresh meat skimpy greasy packs yelper pointed tourist city will makes philly ,food went pats probably cheesesteak ,1,1,1,1,1,1,1
306,Positive,lot share share seen scary outside experience wednesday indeed order recommended include lemon cherry never anywhere sucker lemon anything wonderful disappoint good even syrup provide make things well chefery rather tasty imagine actual alcohol side actually went wrong well atmosphere geez still kinda classic side room since tourists us space gf walking kinda since sat one thing eh fault family six four young yelling ear dining experience know please act guess food good decent good spot means ready give good treated ,share experience wednesday indeed recommended ,1,1,1,1,1,1,1
486,Negative,two reasons business dartmouth starving student open late upper valley starters horrible tastes exactly pizza chuckie cheese gummy cheese cardboard without character demographic fits bill otherwise pass best thing ebas used enjoy play locally stoner delivery song ,two business starving open late ,1,1,1,1,1,1,1
177,Positive,deciding powerhouses makes sense people favor one tried first order unbiased possible going hoagie first favor hoagie since one ate hungry well fault clean atmosphere first walked years since remember favoring meat meat though thought cheese better know perhaps judge steak hey first shall hold philadelphia try first even see blow cheese steaks water next time try well wiz baby wiz ,makes tried going well fault ,0,0,0,0,0,0,0
237,Negative,came tonight grab late night dead people bartender even acknowledge existence finally strolled ask wanted close last call fairly expected considering people seated left alright place grab beer destination place make go partial ,came late night people bartender ,0,0,0,0,0,0,0
236,Positive,thanks busy erin express wait single restroom busy drinks also blue cheese ever bar fries tiny allure stop hope come regardless west apartment crowd also ,thanks restroom drinks also blue ,0,0,0,0,0,0,0
1177,Negative,update plum stars star recently parents plum door couple open staff stated please keep mind going door though jelly asked response plum weekend menu delicious menu appears change monthly went loved hangover multigrain bread side husband hash yummy fruit fresh toast plum jam father toast price litlte dinner cheaper ambiance trailer old seats little complaints ,plum stars star recently door ,0,0,0,0,0,0,0
361,Positive,visited location good similar taste food mom shop sit grab bite workers place clean nice food amazing deucey chicken fingers fries cheese roll sandwich sloppy basically loves food place great good fat ,location good taste mom bite ,1,1,1,1,1,1,1
134,Negative,going corner lets straight places region service use final ante subtract star genos make neighborhood one really sure thing became well will notice positive reviews sort mission ,lets places service use star ,1,1,1,1,1,1,1
202,Positive,best green hands shrimp huge much mind upgrade salad said award winning fresh tang tom yum also oil control rolls little side none less will loyal customer fan wanted try curry rice pad green order ,best huge salad fresh tang ,1,1,1,1,1,1,1
185,Negative,normal circumstances near since sarah whole philly things lots fobby camera action cheesesteaks min line entertaining old celeb anit immigrant patriotism letters quite disappointed shame britney dining importantly sarah meat ,since whole philly cheesesteaks min ,0,0,0,0,0,0,0
219,Positive,final inconsistency convinced place perfect longer went today got using grass fed sunny egg now sunny side fried eggs yolk cooked goodness burger burgers different cook might sound weird placers cheese aioli even oh potatoes beer list great said past beer ask works pair something great looking somewhere eat wont let ,inconsistency perfect using sunny egg ,0,0,0,0,0,0,0
874,Negative,dog sadly right watching warner cartoons daffy duck decide parachute always cartoons pancakes nothing one stand great bad sometimes actually fact great thou little old restaurant ownership reasonably heartfelt emphasis place general restaurants dog story best read elsewhere place decline quality food along shift emphasis brunch think still quite used town now might still owned buying put good moment ,sadly right watching duck pancakes ,1,1,1,1,1,1,1
31,Positive,awesome food great service centrally located perfect groups came last one made restaurant suggested fixed person ask great place pretty tapas overly romantic fancy food low key village feel local food ah mazing eating dishes us menu served al shrimp garlic sauce favorite dish bacalao fried sauce tasty croquetas chicken croquetas de serrano good traditional probably least fave mild patatas potatoes coated spicy sauce tasty alioli potatoes garlic alioli bomb charrasco awesome dish meat albondiguillas sauce chorizo la plancha spanish tasty wow ate fave definitely shrimp croquettas least fave tortilla espanola though potato felt sangria pitchers coming dessert though honestly birthday group gluten brought helpful cut us stay live way sing karaoke planet towards last hour dinner live flamenco will definitely excellent wait try menu never heard gem glad introduced ,awesome great located perfect groups ,1,1,1,1,1,1,1
434,Negative,committing grain review tavern always mean packed small bar difficult finding one effort accomodate everyone smokey time well may swear mood standard bar pie sauce sweet antipasto salad rigatoni pretty good large also offer delicious features half pound slabs pork roll onions mustard yummy staff sometimes slow due large going now past years family really enjoys fact still meet every tuesday night quite solely give lot desired ever expands less surely enjoy food pretty good knows may link website jojostavern ,review mean one effort everyone ,1,0,0,0,0,1,0
241,Positive,always search good dog jordans new st hot dog joint wish dogs burgers mac burgers turkey try chili cook wife mac drinks cream lunch good ,always search good dog new ,1,1,1,1,1,1,1
164,Negative,neon err matter direction right see glare signage place obviously famous obviously full obviously inferior option take grill next time see pounds pre bread big comparatively also tastes much options hot available stand hot speak good language delivery downright really need want open need steak ,neon right see place obviously ,0,0,0,0,0,0,0
55,Positive,awesome tapas sangria legit priced ordered estofadas meatballs chorizo la plancha spanish sausage al almejas diablo clams pollo chicken potatoes perfect delicious sauces clams really spicy means food great expecting al favorite large shrimp goodness pretty us definitely full end meal drinks different flavors sangria friends mentioned wine sangrias dryer flavored sangrias sweeter champagne sounded delicious small mango one whether expected us small cup glass sample free definitely pitcher pitcher special goes night happy go third service reservations wanted opentable points waiting friends come friendly explained happy hour specials gave drinks order pretty haha servers glasses sangria basket bread definitely willing menu pretty went might different busier experience weekend madrid studied abroad definitely back ,awesome tapas sangria meatballs chorizo ,1,1,1,1,1,1,1
200,Negative,rice point ness let recently proportion sizes asian usually family style two different dry meat tasted threw tossed minutes nice thai sweet summer make really good mango sticky rice dessert good dish seemed drunken noodles ,point ness let recently asian ,0,0,0,0,0,0,0
269,Positive,say experiences ocean prime table birthday stepped comfortably went specials extensive chicken ratatouille kansas city eye must say best steaks lobster moment big definitely dine ,experiences prime comfortably specials extensive ,1,1,1,1,1,1,1
861,Negative,understand student university city think excellent looks perfect cozy take parents de rigueur brunch dinner bar drinks laid casual dogs food safe mediocre bread basket dates fingerling except every busy one ,understand city think looks take ,0,0,0,0,0,0,0
129,Positive,first trip philly check course went got compare say big signs lights fun care busy dont wait long classic onions whiz will say bread cheese steak super juicy flavor onions big flavor lacking mostly flavor almost close call one ,trip course compare classic cheese ,0,0,0,0,0,0,0
176,Negative,cheesesteak pilgrimage list best sister said preferred place understand non withstanding understand famous attraction pretty really claim fries asking customers speak english ludicrous bread cheese ok meat awful texture incredibly greasy come infamous intersection original across hit favorites ,cheesesteak list said place understand ,0,0,0,0,0,0,0
122,Positive,surprised negative lot touristy places cheesesteak local still favorite cheesesteak know order yes signs reviews heavily food quality always wiz cheese cheesesteaks quickly lots meat cheese roll feel huge cheesesteak prepared food coma afterwards also experience go usually cram kids greasy food usually fun also boyfriend done properly guess see rivals delicious cheesesteaks ,surprised still favorite yes always ,1,1,1,1,1,1,1
812,Negative,times sports bar back sports bar opened pretty average bordering drunk subject awful customer service business tap drinks outdoor patio away patrons come mind redirected person bistro tables side pariah sits wavered alternative finally waiter initially us said seat bar surprised even confirmed okay sure getting seats came getting said confirmed management apologetic inconsistency policy redeeming gallery school alumni photos ,times sports opened pretty average ,1,1,1,1,1,1,1
256,Positive,pork chops point avoid pork chops restaurants nine bland piece prior hitting plate dela banging chops yellow tore charred perfectly cooked hit bumps pig place small full another couple walked right behind well customers waiting place patron sipping coffee surfing web behind counter sticks laptop table company paying take situation frown web surfing got friend rotisserie chicken plantains none go think subtract right food came stuff remaining staff meal will fa sure place ,pork chops yellow charred perfectly ,1,1,1,1,1,1,1
492,Negative,location countless time food ambiance seem downhill ago continental story hip modern take style dining third indoor dining area last approximately weeks furniture fixtures looked continental see allocate freshen decor tartare love favorite dish fresh seasoned well sesame crackers tortilla chips add nice nutty tartare aka asian contributes coconut salsa sweet chili mayo creativity flavors fruit tempura batter spicy worked dish overshadowed thick lump thai rice tofu perhaps spoiled plethora great suburbs lime sweet nutty sauce little spicy zing received seemed sloppily together chicken lettuce wraps peanut sauce looking healthier decided try lettuce wraps bowl chicken mixed vegetables garnished side peanut leaves stir fry bland similarly sauce needed prevalent peanut taste viscosity pretty ordering overall certain food feels passion unfortunately places food plates food average delicacy presentation food nearly city time renovate ,countless time food ambiance seem ,0,1,1,1,1,0,1
207,Positive,night orchestra center reservation tags tables taken time hear talk talk worth hearing talk well play photos curry green two things point see menu meat add chicken beef shrimp seafood know cooked curry chicken addition leaves otherwise maesri paste curries mediocre food places kind shrimp chicken sauce khing gingery paste coconut milk curry sauce good world including rank best locally among best space tables close time full mostly goers hipster crowd evidence block ,center reservation taken talk well ,1,1,1,1,1,1,1
139,Negative,meh good see review think really preference judging behemoths cheesesteaks joint vegas slightly classier atlantic city strip seemed clean sanitary less disease food soft toasty onions massive finely fan onion massive sliced chopped seemed cheesesteak filling result neighborhood around quite borderline street kind alone saturday ,meh see review think really ,1,1,1,1,1,1,1
756,Positive,service excellent friendly going came check us see everything ok menu problem eat right ordered small dish large one dishes came swiftly evening sizzling pretty textures crispy chewy salty straight without rice banana leaf perfectly kidding meant small plate khao red coconut egg noodles fan curry try looks mostly fried top also order crisp chinatown impressive hundred later filled else type place taste ,excellent friendly going everything menu ,1,1,1,1,1,1,1
3477,Negative,times now first times outstanding visit disappointing made restaurant high priced restaurant truly food gorgeously romantic ambiance now dishes stood razor clams rapida transitioned menu recent visit tried new foie meh around foi less pulpo mine course ordered paella truthfully prefer crispy much chicken bone course place roof surrounded flowers hubby fave restaurant return ,times now first disappointing made ,1,1,1,1,1,1,1
37,Positive,came dinner portions size feel certain bite plate charge ordered croquettes patatas chorizo toast egg manchego piquillo peppers stuffed salted cod skirt steak nothing mussels paprika sauce mango sangria bill great food performance lost voice definitely ,dinner size feel bite chorizo ,0,0,0,0,0,0,0
757,Negative,tonight high ready delicious wrong let place rather place hostess pm wait mins woman lying face noticed party two told sit supposed wait hostess came point thinking big totally cool min passed look around two set tableware everything sitting wait sit five sits already mins original wait anger even describe felt top comes tell well people left yet really cause people actually go one two empty enough establishment totally alright returning anyone beyond ridiculous audacity shock wait mins seated stare two empty nothing ,high ready wrong let place ,1,1,1,1,1,1,1
215,Positive,florentina mozzarella gnocchi sauce gnocchi god somewhat literally dish got horrible one bite will care tcnj still crave entree went times really service much ditto price inner fattie ok ,gnocchi sauce god somewhat dish ,0,0,0,0,0,0,0
125,Negative,second boyfriend stop compare expensive cheesesteak better appeared offer less meat toppling meat free ketchup relish hot peppers lucky touristy overpriced suggest trying philadelphia recommendations ,second cheesesteak better offer meat ,0,1,1,1,1,0,1
217,Positive,point long menu bit miss honest potential crumbly days limp however vegetarian best ever honestly dream nights po boys huge cauliflower fritters butter one delicious unique tasted place always choose great drinks good people time worth another shot neighborhood ,menu bit miss limp best ,0,1,1,1,1,0,1
170,Negative,jerk fell mom trekked without thousand billion places every street time one picked free components cheesesteak served healthy lunacy taste even worse unimpressed see america english least know go next time ,places street time one picked ,0,1,1,1,1,0,1
62,Positive,say enough experience tapas group came really went serve high top tables back laid knowledgeable order food delicious everything different tapas pitchers white sangria standouts eat fish dishes good however stood accidentally brought extra order order touched yet bring us keep whole pitcher white us well costing dollars never seen kind service new let alone restaurant recommend nai tapas friends good laid unpretentious outstanding ,experience tapas group serve top ,0,0,0,0,0,0,0
223,Negative,visited three time feeling servers good happy worth trip servers bartenders end cell phones talking loudly acknowledging sat happy wines priced really food discounts hour even bar mentioned menu descriptions comes food mediocre completely priced ,three time servers worth cell ,0,0,0,0,0,0,0
66,Positive,charming venue really charming talking food must octopus really soo croquetas blood tapas places twice much place got right negative thing say sangrias weak next wait back ,charming must octopus croquetas tapas ,1,1,1,1,1,1,1
577,Negative,overrated starr fine east coast dining first want swinging chair thing think starr blandness food putting brings macaroni cheese best cheese leslie na crisp romaine rad noodles amount incredible basically lettuce covered thin noodles reality ton lettuce comical taken hour hell lot salad work molars lettuce good type went martinis laughable refuse fooled substance blatant example trying every sense sense ,overrated starr fine first want ,1,1,1,1,1,1,1
38,Positive,night words amazing restaurant uno served super caring tell insanely good brought celebrate birthday asked okay first upon contrary nice kept finished brought slices even leftovers washed plate one tip token appreciation filling seriously change life also favorite tropical chorizo cebollas many times lot rarely ever places definitely soon blogspot coâ foodcomalogs blogspot coâ ,words amazing restaurant uno served ,1,1,1,1,1,1,1
182,Negative,going saying sandwich tasty around rest review deserves ashamed immigrants answer spanish wit even order another language cheesesteak real one priced tourists locals plus soda freedom takes bucks fries called know cause french ies thats assbite vento must eat thats pal somewhere piss annoys pretend want something toilets least probably floor hate hate ,saying sandwich review deserves immigrants ,0,0,0,0,0,0,0
204,Positive,best restaurant little piece service nothing short spices spot date favorite dish green curry bamboo shoots beans peppers chicken strips fresh paired tea city perfect dining experience forewarning portion enough fill definitely large lemongrass restaurant drexel overall recommend far ,best restaurant little short spot ,1,1,1,1,1,1,1
788,Negative,large tips check people without telling us tip us sign wined realize tips check someone group called waitress someone else guy said double software break ,check people telling us tip ,1,1,1,1,1,1,1
240,Positive,regular hangout since ago lived garden time walk hangout personally crowds go feel relaxed hangout without shout heard usually occasional really feels really random shows bar attracts really diverse crowd sitting work hockey game filled shouting drunkenly filled cw filled seems overflow city always including owner buy round house room food selection pretty caesar salad best thing eaten though kitchen early live band every rest time radio jukebox feeding sporting event flat problem size teeny celtic bar hole always clean crisp ,regular ago garden feel without ,0,0,0,0,0,0,0
144,Negative,right free speech one make said free speech america ordering sign numerous signs yes last still outside racist ignorant steaks congratulations added nothing mongering bravo well done sorry ,right free speech one said ,1,1,1,1,1,1,1
296,Positive,incredible dates back decor makes clear also respected acknowledged breakfast places brooklyn people friend time weeks saw line outside need wait minutes within minutes sausage coffee ok pancakes milkshakes outstanding general good quaint little never want change one yelp ,incredible back decor makes also ,1,1,1,1,1,1,1
852,Negative,place terrible terrible service friends came night play arrived yelled us close door please yell next drinks professor professor awesome also waitress giving exact number salad seasoned vinegar good spotty service decent food pricey ,place terrible service came night ,1,1,1,1,1,1,1
181,Positive,two vs cheesesteak battle must notice steak behind window friendly conversation granted line time talk assuming spoke bag ordered sandwiches whiz going ahhh now tasty chew right hard cheese right money philly fabian checker made feel genuine needed yell ,vs must friendly granted line ,1,1,1,1,1,1,1
216,Negative,food priced notable large calzone family huge cheap easily feed wife stopped going takeout consistently poor rude staff still service guy takeout need italian food service place ,food priced cheap wife stopped ,0,0,0,0,0,0,0
428,Positive,good night went wife year son bit minutes homework also bar scene excellent great cheese sauce cheese ratio go friday night thing reviews phrase bar pie means pizza sizes speak pizza idea insist great bar pies great one ever say clue people feel particular great bar suggest different pizza quantity quality misled rant matter going sleep long story give pizza definitely good ,good son bit also bar ,0,0,0,0,0,0,0
940,Negative,pho pho yesterday stumbled restaurant early afternoon restaurant bad sign considering waitress put television bad waitress never bad sign salted rare steak good finish gave fiancã devoured ,yesterday early afternoon bad sign ,1,1,1,1,1,1,1
77,Positive,may seem never tasted anywhere else hot tried used leftover container food blown sure make company jalapeno long kill away aside enjoy note also commend vento old timer college educated ,may anywhere tried make jalapeno ,0,0,0,0,0,0,0
126,Negative,place cheesesteak many places around philadelphia delicious sandwiches best philly people tastes things tourists outdoor one thing remains go least life glad bucket list rather later ,place cheesesteak many places philadelphia ,0,0,0,0,0,0,0
341,Positive,definitely ever stars best encountered two towners late breakfast distance yet reason live work hours time wait west also hang highline park time made snacks bring orange slices chocolate chip hot sausage free coffee line within time dined various people including owner felt dining home never waits hand cheap grits sausage friend declared new york go best years ,definitely ever best yet reason ,1,1,1,1,1,1,1
3025,Negative,back since going sucked time horrid since honeys brunch morning go give city looked great sadly still waiter placements push coffee glass front meal eat manage take last check table midway runner came silverware replace kinda shocked shortly sitting waiter refilled coffees asked entire stuff crowd rushes lazy bad great food old south care jobs ,since time brunch go give ,0,0,0,0,0,0,0
192,Positive,welcome place really many will go real south philly steak gone downhill tony darn good however recommend grew south bakery used make cheese steak hand also grew city raised partisan enough got great want roast pork sandwiches however store brightly lit see space come right window long window want line please talk cell phone told go back soup correct way want want onions something american wit provolone wit th sound sound wit course means onions now many people something guys however respecting really knows will order cheese steak cheese yet first authentic cheeses prefer provolone melts cause wiz guy day one else always tell guys ones order wiz really want cheese steak take advice cheese now one window window order papers cherry pepper tangy bit right flavor fooled style steaks sandwiches philly red cherry peppers look cold good luck finding parking also tables want eat finally giving stars instead nothing food everything confrontational signs around business xenophobic specify customers sell freedom fries steaks better steak take liberal elsewhere though find steak city support philly going back usually indulge watering sliced steak roll melted birch beer course eat daily meal go understand people make ,welcome south gone darn good ,1,1,1,1,1,1,1
3016,Negative,know know place philadelphia figured city ins dives food enough food network website saw city yelp somewhat last minute went citizens bank diner diner seeing menu someone diner music bouncer told still vacation sat bar supposed cool surprised real diner oh btw place well lights inside transform bar bar night enough rather annoyed hour got night club people everyone started drinks around eat asian bartender person cute bright spot even really talk good ever go need highly ,know place philadelphia figured city ,0,0,0,0,0,0,0
63,Positive,everything recommend dishes sorry service service issue restaurants sure water filled checking charismatic personality throughly food awful left happy combo amazing tapas pitcher service made fan ,everything recommend dishes filled happy ,1,0,0,0,0,1,0
743,Negative,dining time food first craving sizzling wanted ordered papaya noodle sizzling sisig extremely place face papaya salad flavor citrus well done sizzling greasy crispy mussels broth much broth enough mussels ate good ,time food first craving wanted ,0,0,0,0,0,0,0
376,Positive,recently appetizers corn fritters mushroom goat sauce yum also beef everthing aaron even though weeks ago remembered ordered last time friend used keeps getting better better love ,appetizers mushroom goat sauce yum ,0,0,0,0,0,0,0
747,Negative,made reservations pig nestled figured table fortunately grab table longer two three table two groups table added guests basically flipped viet coffee watermelon canned small crab dish noodle dish side coconut rice pork rinds rather genuinely place way food best part order probably pork rinds boyfriend left think returning ,made reservations figured table longer ,1,1,1,1,1,1,1
523,Positive,nice drinks evening first time surprised inside room without decor dim great gave brief rundown menus narrow fit best likes since stronger man type drinks choices pretty good time talking atmosphere drink actually decent hoegaarden beer crab delicious since came food ordered drinks crowded weekends full overcrowded back soon ,nice drinks evening surprised inside ,1,0,0,0,0,1,0
387,Negative,happy update underdogs went back week seems products dwindled dog topped onions peppers teaspoons worth bun fries freezer bites throwing meal shame cheap side expect ,went week seems topped onions ,0,1,1,1,1,0,1
50,Positive,impressed great tried favorites fried awesome cheese balls wrapped pure incredibly riojana chorizo mixed potato sausage every bite tasty came delicious sauce bread seriously prepare great manager times table going friendly gave dessert sufficiently mango sangria juice must masked tropical good mango tad better also shows love ,great tried favorites fried awesome ,1,0,0,0,0,1,0
560,Negative,waits overpriced drinks place friends ordered plates good portions friend shots lager tune continental strikes place sounds went monday morning office actually find spots fare less pomp circumstance ,overpriced place ordered friend tune ,1,0,0,0,0,1,0
81,Positive,people rivalry genos steaks prefer makes sandwich lines worth though last time ended back back morning planning tourist beware hours lot local teens act aside delicious worth traveling ,makes lines though back morning ,1,0,0,0,0,1,0
491,Negative,big disappointed hungry quinoa salad order diners table ordered served sad additionally hearing much table order fries turned completely flavorless greasy add bring flavor dessert although dessert menu pretty food unappealing worn bathrooms better continental ,big disappointed hungry order table ,1,1,1,1,1,1,1
21,Positive,bar reservation heads came regal union far thinking dinner welcome minutes ready party mind waiting wait except doorway waiters constantly say excuse time needed us small ordered potato plain omelette potato supposed taste gosh mixed eggs tasted arriero skirt steak ordered tapas pieces say racion size one drooling albondiguillas estofadas meatballs delicious never solomillo la pork tenderloin sauce really makes tabla de love charcuterie skip pieces ham machego really depressing one sticky rice paella know ridiculous saying meat huge potato sangria pitcher place priorities nice oh free bread oil yes party kept asking waiters gave smile definitely coming since decent place total bill person arriero skirt steak estofadas ,bar reservation far dinner welcome ,1,1,1,1,1,1,1
1921,Negative,weekend complaints first one us written chalkboard situated see sitting discovered people us probably ordered crab second tofu contained potatoes probably strangest part meal west louisiana hash hand good everything greasy beignets cafã although hot lukewarm although doubt ,first one us written see ,0,1,1,1,1,0,1
32,Positive,place came celebrate day narrow drawback easy maneuver ppl way said recommend avoid awkward become ok drinks glass sangria huge whether glass strong delicious ordering half pitcher also try sangria tropical fruity prefer regular mind glass sufficient try food yum yum absolute empanadas al ajillo ok reminded moms cooking stars four two also constantly refill basket bc able use meatballs etc flamenco suppose dinner unfortunately slightly stage performance meal even invited bday list bday ,day easy recommend awkward drinks ,0,1,1,1,1,0,1
2384,Negative,place always packed dark options veggie burger food greasy pub leave feeling sick beer know list draw people husband microbrew place never first places go give street ,place veggie burger food greasy ,1,1,1,1,1,1,1
52,Positive,really stars place bit primarily galician excellent price realize right great love see bit style style affordable executed served highly competent staff portion arrived minutes closed sat despite informing us clean crew tell brought dishes clearly great selection including go octopus definitely back ,bit excellent great love style ,1,0,0,0,0,1,0
1150,Negative,restaurant dressed going high dance seat called table wanted group show another dishes cold back asked calamari said hot cold order order inverno crisp cheese due nature us dark ok burnt ordered entree one egg exceptional consistent raviolis dining even ask high small huge shaker bed happened ground real pepper addition additionally saw chefs walk front door cellphones also saw chatting hostess checking one bartenders obsessed group men totally rest also chatting dropped bottle wine laugh note whoever never dining restaurant slighted wishing restaurant occupied sorry excuse sorella never recommend anyone months shuts will disappointment ,high seat called table wanted ,1,0,0,0,0,1,0
639,Positive,first made want two set thought actually enjoyed sitting bar felt sitting family dining table menu ordered scharas aka ta afrata dianas aka meatballs krasata ribs dinner everyone plan everyone restaurant ,actually enjoyed bar felt family ,1,0,0,0,0,1,0
3426,Negative,grandmom taking appointment downtown took breakfast got yelp hype feeling attitude hostess looking right three us closed door understand thing said really met personality toast kind sort kind grandmother sweet friendly better ever front new pool tell new waitress work want want tell fellow competitive downtown brunch know say absolutely glad gave new waitress love great tips service continute deal going boring match boring sorry sometimes girl great well mom appreciated wanted boiled eggs piece scrapple crispy beef scrapple carry fried burnt burnt tried tell make lighter burnt grand grr first waitress potatoes course toast breakfast lol came turkey sandwich tasted old funny eat go case changed mind boyfriend kitchen concept something thought great think garbage smothered greasy white bland gross thing said blah expensive food us break came much want breakfast places food worth city price care bread two inches thick really rather day something huge average ever happened serving higher home stuff dreamed liked bad illicits one returns ,taking took breakfast got yelp ,0,1,1,1,1,0,1
244,Positive,puerto food times various never saw old woman owner pestle friendly makes suggestions takes little sure putting great restaurant hard describe puerto rican feel seating sure accommodate advance sit con leche coffe milk make well ,puerto various friendly makes suggestions ,1,1,1,1,1,1,1
559,Negative,swanky pretty terrible place wanted love starr joint wanted mediocre price never told tapas vegetarian raviloi entrã boy shocked shambly mess disappointed manager come everything always appreciated think go yeah disappointing manhattan avid manhattan drinker make made mr starr win ,pretty terrible place wanted starr ,1,1,1,1,1,1,1
43,Positive,sorts around great think still case even patrons absolutely amazing piquillo fried toast ink everything tasted perfection rich case tapas quantity ordered ordered pomegranate sangria recommend will ,sorts around great still absolutely ,1,1,1,1,1,1,1
94,Negative,wid counter gave attitude throughout whole ready placed basically wiz one without onions onions time recent know details operation doctors stay doctor guy counter busting cheesesteak without kept stop joey vento jerk finish handed cheesesteaks made verdict come shit nobody american guys discriminate foreigners ones show respect want hard without light displays ,counter gave attitude throughout whole ,1,1,1,1,1,1,1
159,Positive,first trip fourth friends say ended service maybe big deal four friends wiz favorite bread fresh cheese drippin delicious little taste philly cheat parking unless torrential feet ground walk ,trip friends deal favorite fresh ,1,1,1,1,1,1,1
3450,Negative,made green eggs brunch morning much looking several really pleasant waitress seemed determined make service slow make literally stood away table us ten minutes empty plates felt edge brashness comical though tofu bf heard good things scramble basically block firm crumbled covered tumeric literally flavorless really poor scrapple good presentation never promised omelet rubbery also tip still paid way going heart attack now know better ,made green eggs brunch much ,0,0,0,0,0,0,0
35,Positive,stars place definite must go night saturday bring date bring dancing reynoldo rincon son daughter everyone electric traditional waiter julio help group men suggested tapas go ranged octopus ham cheese stuffed julio two sellers garlic sauce churrasco egg brought anyway unreal pitchers sangria dinner traditional seafood place non seafood try bar table reservation ,must bring date dancing son ,1,1,1,1,1,1,1
3079,Negative,update order restaurant say way star customer menu free friday said calls asks woman think thought away calls man got hour via delivery uhm happened order sitting front never way ok understand really order even past hour minutes seems kinda wait extra hour never come call asking going asks order hears caller us lie way someone order ready goes arrives twice woman charged us prior arrival husband wait little order fixed delivery still steak spider spicy roll good pieces kuu back restaurant going order delivery ,order say way star customer ,0,0,0,0,0,0,0
45,Positive,people tapas happy pitchers sangria else mussels succulent flavor typically mussels servings taking putting dipping broth something time visit snail garlic embarrassing licked garlic definitely made order ham croquettes better croquettes hot help cheese goat plate fan goat combination ham toast tomato helped cheese fan definitely tapas dish try love chorizo dish fried carmalized onions salty chorizo sweet greasy onion taste paired basket chorizo definitely dish order visit chorizo four pieces even potato well oily chorizo lot flavor bursting fried potato spicy tapas worth ordering order another dish though since also helps fill stomachs shrimp one best dishes gave around mouth watering amount garlic broth seafood notes little bread definitely reorder meatballs meatballs meatballs better awful order another tapas anytime sangria blueberry juices vaguely sweet touch bite kept orange blueberry stronger really blueberries definitely hints sparkling kept feeling dessert since across waiter great picking us night fun eachother us little jar belize pepper jelly little jar crack today fried chicken delicious hunt bigger jar chicken world never fan tapas since seem bread total ended sangria love come back fyi bathroom back eatings ,tapas happy pitchers sangria mussels ,0,0,0,0,0,0,0
1192,Negative,every fairway remember keep forgetting try place friday night bustling dining one one bar saw option stood hostess people walked arrived hostess left knowing need brooklyn ,fairway remember keep place friday ,0,1,1,1,1,0,1
67,Positive,day means bloody spanish early east let yelpers guide decision led excellent choice waiter might also plates insisted octopus favorite clams house fried crostinis house crazy plate octopus awesome crostinis next sangria though make sliced mix full white pitcher another white hehe yummy yummy want red ,day means east excellent choice ,1,0,0,0,0,1,0
1651,Negative,hype disappointed perhaps ordered overall dining early friday afternoon infamous lines sidewalk groaned sometimes locals guidebooks well long highlight brought pancake maple syrup us sample slice delicious ordered pancakes potato fan pancake lot dishes nachos best home sat miserably potato grill know burnt cream sent will give try pancakes anytime soon fight crowds europeans breakfast time ,hype disappointed ordered early friday ,0,1,1,1,1,0,1
211,Positive,ave times finally time try going going traditional curry enough tender flavored nicely spiced peas delicious location capability nice clean give want jerk wrap overall great new everywhere travel haven ,try going traditional curry tender ,0,1,1,1,1,0,1
1298,Negative,friends place totally first meant watching hipster weird room pitch black lighting ridiculous maybe lot went vegetarian menu split perogies beet salad ordered take stay hip spot little vegan friendly door better ,place totally first meant watching ,0,1,1,1,1,0,1
18,Positive,franchise states possibly believe say food good mean many many times first restaurant sub pepper salt olive oil explosive freshness compared also franchise really friends tasted makes mouth watery great foods soups subs also staff ,believe good restaurant pepper olive ,1,1,1,1,1,1,1
255,Negative,customer service eye busy right counter said excuse hoping scowled away hate race hard infer asians stood mins acknowleged non got serviced needless say place obviously made feel unwelcomed sont food network recommended place ,customer service busy right counter ,1,1,1,1,1,1,1
319,Positive,town looking friend find place drove looking place low behold hopes dreams shattered walked realized indeed ass wrapped woman people indication wait friends line take dine find dining walked folks waiting line ordered waited minutes banana pancakes home toast pancakes divine pancakes year glad first buds comes pretty large pancakes right walnut yet fluffy fan us used syrup blend trader good flavor time friend believe pancakes pieces bacon eye go next remark safe assume meal highly recommend place coming back ,town looking find indeed wrapped ,0,1,1,1,1,0,1
1297,Negative,second star food place time things us sit outside hostess even going waitress politely informed us outdoor seating minutes ordered hummus plate seemed going fine waitress back empty glass boy finally asked wanted another asked check waitress gracious minimal sorry will business ,second star food place time ,1,1,1,1,1,1,1
261,Positive,love place bit trek totally worth rack beers market block post one tables chicken beans mofongo best manhattan may authenticity rest interior place undeniable beauty barely ,love bit trek rack block ,1,0,0,0,0,1,0
1213,Negative,reviwers really place boyfriend sunday apartment hill red hook checked view piers fairway market saw parking lot heard looked cool wanted food long wait table people based whether shaded nice hot wait fried shellfish basket starter pretty expensive ended spending two things plus mac cheese side gust wind umbrella deck us rush back stood next customer even guy came umbrella worst part happened got home rested went boyfriend ended sick certainly seemed poisoning accuse restaurant sickness eaten else day one sickest since known defending place since new huge huge servers giving episode think will ever ,really place apartment fairway saw ,0,1,1,1,1,0,1
318,Positive,amazing old timey restaurant staff orange water food amazing delicious home fries toast huge pumpkin waffles pancakes delicious egg amazing three times love every visit bring charm makes welcome ,amazing restaurant staff orange delicious ,1,0,0,0,0,1,0
483,Negative,pretty place reviews livingsocial deal food decent got crab cake benedict hollandaise sauce forgot bf crab consist white omelet bit bland liked since currently foods recently potatoes dishes plain yummy nothing different also side corned beef hash others much barely tasted corned beef main two stars placing never received utensils napkins another help waitress forth things busy organized sat drink literally took order also someone ask came came wrong couple date patient laughed us bf crabby never time overall back service food also asian hot sauce interesting ,pretty place reviews food decent ,0,1,1,1,1,0,1
